,0,1,2,3
0,85.00000000090625,-33925.00000000002,5670.999999999814,34395.829558247315
1,54.75970067797567,-33923.67254641722,5251.020060746958,34327.7113909408
2,24.842819252492205,-33920.39027366903,4825.49683567121,34261.91636780935
3,-4.7190622547648715,-33915.17522707293,4394.879532132964,34198.74411516556
4,-33.894736581823295,-33908.0514922962,3959.6227351016537,34138.47854052246
5,-62.65340416974026,-33899.045169929756,3520.1859272690945,34081.38638383913
6,-90.96470567642966,-33888.18434793472,3077.0330039925193,34027.715837019474
7,-118.79875402577028,-33875.4990719912,2630.631783579335,33977.69524410408
8,-146.1261659581623,-33861.02131378025,2181.4535134305825,33931.53189438869
9,-172.91809304922555,-33844.78493723271,1729.972372564445,33889.41092029004
10,-199.14625216389427,-33826.82566278044,1276.6649710449688,33851.49431115538
11,-224.7829553137586,-33807.181029647734,822.009846844433,33817.92005337824
12,-249.80113888613545,-33785.890356222684,366.48696067049457,33788.80140614685
13,-274.17439221401014,-33762.9946985504,-89.4228107085757,33764.226320926755
14,-297.87698545669156,-33738.536806991826,-545.238182105718,33744.2570113854
15,-320.8838967617452,-33712.56108109394,-1000.4779679880446,33728.92967892874
16,-343.1708386795345,-33685.11352271899,-1454.6615904446164,33718.2543973691
17,-364.7142838024819,-33656.24168748219,-1907.3095865127646,33712.21515851231
18,-385.49148960198437,-33625.99463454924,-2357.9441143274153,33710.77007867932
19,-405.48052243676557,-33594.422874846605,-2806.089457559086,33713.8517643997
20,-424.66028070731807,-33561.578317739135,-3251.2725276080396,33721.36783377161
21,-443.0105171319944,-33527.51421623157,-3693.023363024455,33733.201588312724
22,-460.5118601212285,-33492.28511075147,-4130.875625627391,33749.212828562086
23,-477.1458342273261,-33455.94677157318,-4564.367092798814,33769.238805268964
24,-492.8948796482345,-33418.556139943394,-4993.040145433006,33793.095296744235
25,-507.7423707647037,-33380.171267970654,-5416.44225102622,33820.577801877145
26,-521.6726336912675,-33340.85125734215,-5834.126441396621,33851.46283744853
27,-534.6709628225204,-33300.65619693243,-6245.651784530213,33885.50932771094
28,-546.7236363572199,-33259.647099370144,-6650.583850054617,33922.46007375939
29,-557.8179307838271,-33217.88583662942,-7048.495167849345,33962.043289979556
30,-567.942134312195,-33175.43507471424,-7438.965679308418,34003.97419482663
31,-577.0855592372229,-33132.35820750449,-7821.583180778943,34047.95664334226
32,-585.2385532214272,-33088.71928983369,-8195.943758707563,34093.68478914366
33,-592.3925094845171,-33044.58296986884,-8561.652216035372,34140.844764097186
34,-598.5398758892176,-33000.01442086412,-8918.322489391183,34189.116364496025
35,-603.6741629137513,-32955.07927236012,-9265.578056642746,34238.17473327468
36,-607.7899505025582,-32909.84354090142,-9603.05233437568,34287.692028588055
37,-610.882893788027,-32864.373560345666,-9930.389064880492,34337.33906993621
38,-612.9497276771913,-32818.735911837655,-10247.242692239186,34386.78695390501
39,-613.9882702985552,-32772.99735352231,-10553.278727114423,34435.70863249674
40,-613.9974253054046,-32727.22475007092,-10848.174099856156,34483.780447925456
41,-612.977183033175,-32681.4850020948,-11131.61750155296,34530.683618630355
42,-610.9286205096543,-32635.844975521093,-11403.309712668044,34576.10567210588
43,-607.8539003180099,-32590.37143100517,-11662.96391891302,34619.74182094484
44,-603.7562683138382,-32545.130953454132,-11910.306014025926,34661.29627923267
45,-598.6400501986471,-32500.18988173589,-12145.074889133939,34700.48351711056
46,-592.5106469533922,-32455.614238647922,-12367.022708395263,34737.029451935625
47,-585.374529136883,-32411.469661219744,-12575.915170629236,34770.6725750077
48,-577.23923005508,-32367.821331422594,-12771.531756658436,34801.16501330013
49,-568.113337808494,-32324.733907359496,-12953.665962101712,34828.27352602918
50,-558.0064862260812,-32282.27145500838,-13122.125515372358,34851.78043622313
51,-546.9293446952071,-32240.49738059024,-13276.732580651322,34871.484497710495
52,-534.8936068984124,-32199.474363633824,-13417.323945621158,34887.20169814071
53,-521.9119784688743,-32159.26429080741,-13543.751193762551,34898.76599878303
54,-507.9981635775918,-32119.928190587612,-13655.880861031535,34906.03001192473
55,-493.1668504664561,-32081.52616883412,-13753.594576751995,34908.86561671189
56,-477.4336959424789,-32044.11734533842,-13836.789188574712,34907.164514249765
57,-460.81530884954424,-32007.759791413475,-13905.37687137106,34900.83872270918
58,-443.3292325351363,-31972.5104685902,-13959.285219946374,34889.82101307405
59,-424.99392633054896,-31938.42516848554,-13998.457325475147,34874.065286019024
60,-405.82874606412895,-31905.558453905556,-14022.851835577321,34853.54689022726
61,-385.8539236281249,-31873.963601245705,-14032.442997972305,34828.26288225207
62,-365.0905456207108,-31843.69254424914,-14027.220687664589,34798.23222779593
63,-343.5605310857325,-31814.79581918241,-14007.1904176323,34763.49594403009
64,-321.2866083736725,-31787.322511486396,-13972.373333007337,34724.11718231156
65,-298.2922911482695,-31761.320203958814,-13922.806188753388,34680.18125037628
66,-274.60185356410847,-31736.834926523043,-13858.541310865183,34631.79557280146
67,-250.24030464139474,-31713.911107636195,-13779.646541130103,34579.08958824099
68,-225.2333618649608,-31692.591527387856,-13686.205165510404,34522.214581651584
69,-199.60742403537517,-31672.917272338873,-13578.315826221646,34461.34344944743
70,-173.38954340081597,-31654.92769214799,-13456.092417600168,34396.670395255926
71,-146.6073970991238,-31638.66035803202,-13319.66396586952,34328.410553701346
72,-119.28925794018811,-31624.15102310344,-13169.1744929328,34256.79953942612
73,-91.46396455950351,-31611.433584627342,-13004.782864334635,34182.09291837775
74,-63.16089097440947,-31600.540048237443,-12826.66262155338,34104.56559825329
75,-34.40991557514931,-31591.50049414908,-12635.001798800518,34024.511134912784
76,-5.241389583482198,-31584.34304540476,-12430.002724520678,33942.24095155716
77,24.313894987852898,-31579.093838185814,-12211.881807801801,33858.08346752892
78,54.22473784099757,-31575.776994221516,-11980.869309921,33772.3831337442
79,84.45956332984576,-31574.414595324753,-11737.209101267172,33685.49937201709
80,114.98645379315111,-31575.02666008117,-11481.158403897121,33597.80541590135
81,145.77318324869282,-31577.63112271638,-11212.987519996746,33509.68705116333
82,176.78725141291662,-31582.243814163525,-10932.97954653419,33421.54125462301
83,207.99591801014688,-31588.87844535123,-10641.430076406,33333.77473086603
84,239.3662373351497,-31597.546592729515,-10338.646886391885,33246.802347245204
85,270.8650930325572,-31608.257686049044,-10024.949612247403,33161.04546865797
86,302.4592330564426,-31621.018998406496,-9700.66941127767,33076.93019480714
87,334.11530477313545,-31635.835638566674,-9366.148612748222,32994.885504019774
88,365.79989017022586,-31652.710545569385,-9021.74035650208,32915.34130920392
89,397.4795411345842,-31671.64448562682,-8667.808220164556,32838.726433147625
90,429.1208147621593,-31692.636051314697,-8304.725835329304,32765.466512087696
91,460.6903086622744,-31715.68166305801,-7932.876493130831,32695.98183826565
92,492.15469621915815,-31740.775572909854,-7552.6527396198135,32630.685154009992
93,523.4807617734813,-31767.909870619278,-7164.4559613683805,32569.979411693275
94,554.6354356867608,-31797.07449198184,-6768.695961742828,32514.255515660745
95,585.5858292516182,-31828.25722946394,-6365.790528291068,32463.890063860556
96,616.2992694110325,-31861.443745089837,-5956.164991701483,32419.243108366536
97,646.7433332499437,-31896.61758557764,-5540.251776798861,32380.655955215094
98,676.8858822227901,-31933.76019970838,-5118.489946051257,32348.44902492018
99,706.6950960808471,-31972.850957909755,-4691.324736069846,32322.91979563103
100,736.1395064635567,-32013.867174033923,-4259.207087590919,32304.340851109282
101,765.1880301183788,-32056.784129306347,-3822.5931694363435,32292.95805548642
102,793.8100017141046,-32101.57509842036,-3381.943896954853,32288.988876093557
103,821.9752062129825,-32148.211377749998,-2937.7244454527254,32292.62087452076
104,849.6539107674906,-32196.662315651236,-2490.403759127338,32304.010384465186
105,876.8168961080818,-32246.895344819644,-2040.4540560220657,32323.281392887515
106,903.4354873887639,-32298.876016670387,-1588.350329525111,32350.524638549858
107,929.4815844579539,-32352.56803770413,-1134.5698469385638,32385.79693920938
108,954.9276915226524,-32407.93330782065,-679.5916456469187,32429.120755657576
109,979.746946174621,-32464.931960539492,-223.8960274170267,32480.483997503645
110,1003.9131477479216,-32523.522405085398,232.0359486367142,32539.840072191088
111,1027.400784977881,-32583.661370293987,687.7229738866971,32607.108175300877
112,1050.1850629322828,-32645.30395029131,1142.683998289775,32682.173816826486
113,1072.2419291863587,-32708.40365189916,1596.4387382120244,32764.88957489617
114,1093.5480992139421,-32772.912443716,2048.508183444427,32855.07606544851
115,1114.081080967986,-32838.78080682174,2498.415102874221,32952.52311371202
116,1133.81919862449,-32905.957787052816,2945.684548278162,33056.991111056006
117,1152.741615464776,-32974.39104879241,3389.8443557058054,33168.21253891466
118,1170.8283558719565,-33044.026930219,3830.4256439235774,33285.893640062895
119,1188.0603264183692,-33114.81049995496,4266.96330939339,33409.71621655662
120,1204.4193360217246,-33186.685615055314,4698.996517263323,33539.33953313266
121,1219.8881151486823,-33259.59498027558,5126.069187851997,33674.40230477891
122,1234.4503340455865,-33333.48020855596,5547.730478113143,33814.524747498705
123,1248.0906199771155,-33408.28188265817,5963.535257572034,33959.31067196633
124,1260.7945734546465,-33483.93961788982,6373.044578231457,34108.349600751266
125,1272.5487834372022,-33560.392125849954,6775.826137951002,34261.21889102574
126,1283.340841488936,-33637.5772791288,7171.454736810684,34417.48584610619
127,1293.1593548782057,-33715.432176893024,7559.512725976975,34576.709800760254
128,1301.993958604413,-33793.893211287635,7939.5904485975025,34738.44416688254
129,1309.835326339907,-33872.8961345841,8311.286672258944,34902.238427856166
130,1316.6751802754054,-33952.37612700411,8674.20901255156,35067.640071629314
131,1322.5062998585374,-34032.26786514706,9027.974347293291,35234.19645420728
132,1327.3225294162824,-34112.50559094939,9372.209220976054,35401.45658686091
133,1331.1187846532619,-34193.02318110255,9706.550239007385,35568.97284185541
134,1333.8910580190209,-34273.75421685675,10030.644451331133,35736.30257289063
135,1335.6364229386331,-34354.632054136426,10344.149725022327,35903.009647703046
136,1336.3530369021669,-34435.58989389371,10646.73510546283,36068.66589140173
137,1336.040143409746,-34516.56085262539,10938.081165716498,36232.85244009359
138,1334.6980727701564,-34597.47803297912,11217.880343735069,36395.16100519802
139,1332.3282417521525,-34678.27459437414,11485.837267038754,36555.195049561444
140,1328.9331520888322,-34758.88382356219,11741.669064528818,36712.570877065074
141,1324.516387836661,-34839.2392050539,11985.105665102941,36866.91863788314
142,1319.08261159193,-34919.274491336466,12215.890082758193,37017.8832519032
143,1312.637559568646,-34998.92377280844,12433.778687880567,37165.125253076156
144,1305.1880355430467,-35078.121547357754,12638.541464434744,37308.32155763062
145,1296.7419036711317,-35156.80278950963,12829.96225278256,37447.16615917731
146,1287.3080801867986,-35234.903019071295,13007.838977873847,37581.370753752024
147,1276.896523989342,-35312.358369201036,13171.983862568723,37710.66529781236
148,1265.518226130252,-35389.105653829865,13322.223625866221,37834.79850212221
149,1253.1851982104142,-35465.08243436437,13458.399665829902,37953.53826433689
150,1239.9104596999562,-35540.22708560062,13580.368227017392,38066.67204295008
151,1225.708024194129,-35614.47886077936,13688.000552237092,38174.00717508599
152,1210.5928846197314,-35687.77795571383,13781.183018471838,38275.371140424526
153,1194.5809974076944,-35760.06557192262,13859.817256826052,38370.6117733375
154,1177.6892656485327,-35831.28397870079,13923.820256369743,38459.59742509555
155,1159.935521248447,-35901.3765740638,13973.12445176972,38542.21707778155
156,1141.3385061049153,-35970.2879444999,14007.67779461554,38618.38041132121
157,1121.9178523216442,-36037.96392346789,14027.44380836487,38688.01782481709
158,1101.6940614837633,-36104.35164857852,14032.401626850273,38751.08041315175
159,1080.6884830151437,-36169.39961739914,14022.546016306782,38807.53989961069
160,1058.923291640691,-36233.05774182266,13997.887380896907,38857.38852506827
161,1036.4214639774036,-36295.277400943574,13958.45175172748,38900.638894081705
162,1013.2067542788974,-36356.011492384976,13904.280759369605,38937.3237780503
163,989.3036693590245,-36415.214482022646,13835.431589911037,38967.495875421955
164,964.7374427210332,-36472.84245205355,13751.976924587152,38991.22752876709
165,939.5340079195984,-36528.85314735802,13654.004863054357,39008.61039839278
166,913.7199711838334,-36583.20602010682,13541.618830386906,39019.75509204036
167,887.3225833301933,-36635.86227256574,13414.937467895328,39024.790750096734
168,860.3697109949046,-36686.78489805279,13274.094507881653,39023.86458565791
169,832.8898072163047,-36735.938720004684,13119.238632463725,39017.14137871242
170,804.9118813981411,-36783.29042911122,12950.533316617617,39004.802923665484
171,776.4654686855389,-36828.80861847859,12768.15665560383,38987.04742940435
172,747.580598785959,-36872.463816784344,12572.301176959432,38964.08887111217
173,718.287764268076,-36914.22851938901,12363.173637254684,38936.156293076485
174,688.6178883720248,-36954.07721737168,12140.994803828611,38903.49306180935
175,658.602292365011,-36991.98642445866,11905.999221734033,38866.35606890326
176,628.2726624767353,-37027.934701817,11658.434966137982,38825.01488319236
177,597.6610164495476,-37061.9026806866,11398.56338043897,38779.75085197367
178,566.7996697386303,-37093.87308282698,11126.658800377501,38730.85615127182
179,535.7212013979047,-37123.83073875721,10843.008264431131,38678.6327854029
180,504.458419687662,-37151.76260376975,10547.911210799743,38623.39153641188
181,473.0443274402347,-37177.65777170115,10241.679161300977,38565.45086432261
182,441.5120872202628,-37201.50748644529,9924.635392509446,38505.135759551056
183,409.8949863163403,-37223.30515119681,9597.114594486973,38442.77654928994
184,378.226401600995,-37243.04633541508,9259.462517464075,38378.70766017356
185,346.5397642960937,-37260.72877950138,8912.03560684563,38313.26634007449
186,314.86852468088034,-37276.35239718424,8555.200626926162,38246.791342462384
187,283.2461167798925,-37289.919275610475,8189.334273711886,38179.62157736518
188,251.7059230680345,-37301.433673141946,7814.822777258153,38112.09473360744
189,220.28123923007462,-37310.902014860134,7432.061493942361,38044.54587764968
190,189.00523901175887,-37318.33288578345,7041.45448910243,37977.306035007554
191,157.91093919965564,-37323.7370218044,6643.414110481706,37910.70076087857
192,127.03116476669078,-37327.12729835612,6238.3605529303895,37845.04870723332
193,96.39851422017064,-37328.51871682035,5826.721414823072,37780.66019422515
194,66.04532518888682,-37327.928388691056,5408.931246660832,37717.835794320585
195,36.00364028560483,-37325.37551751053,4985.431092334037,37656.864938038845
196,6.3051732810014745,-37320.88137859704,4556.668023530553,37598.02455059557
197,-23.018724375262405,-37314.46929658531,4123.094667780479,37541.57772905874
198,-51.93709665097336,-37306.164620803684,3685.1687306359454,37487.77246983034
199,-80.41941561037764,-37295.99469851387,3243.352512490163,37436.84045635072
200,-108.43561364126553,-37283.98884604156,2798.1124205459355,37388.995916874665
201,-135.95611519611364,-37270.17831782843,2349.9184764487445,37344.43456197915
202,-162.95186801377264,-37254.596273438074,1899.2438201042523,37303.33261112684
203,-189.39437378874217,-37237.27774255079,1446.5642102040035,37265.845917125436
204,-215.2557182556632,-37218.259587984256,992.3575219864848,37232.10919669025
205,-240.5086006572576,-37197.580466778934,537.103242763929,37202.23537454264
206,-265.1263625646131,-37175.28078938942,81.28196574730791,37176.31504756797
207,-289.08301601939075,-37151.40267702478,-374.62511729616324,37154.41607452746
208,-312.353270968245,-37125.98991718296,-830.1367240174081,37136.58329568322
209,-334.9125619604889,-37099.0879174261,-1284.7719895553992,37122.83838547662
210,-356.73707408083374,-37070.74365744563,-1738.0509741664625,37113.179840117045
211,-377.8037680898104,-37041.005639467774,-2189.4951698768514,37107.58310061679
212,-398.0904047453525,-37009.92383705171,-2638.6280056240334,37106.000810472455
213,-417.5755682798428,-36977.549642334576,-3084.9753503530255,37108.363205870824
214,-436.23868900786397,-36943.93581177886,-3528.0660135371572,37114.57863501214
215,-454.06006504076333,-36909.13641047962,-3967.432242594414,37124.534201921444
216,-471.0208830851321,-36873.20675509018,-4402.610216674698,37138.09652898084
217,-487.1032383032185,-36836.20335542655,-4833.140536296327,37155.112631382166
218,-502.2901532143345,-36798.18385481245,-5258.56870831522,37175.41089578792
219,-516.5655956172791,-36759.20696922753,-5678.445625714564,37198.80215471028
220,-529.9144955148768,-36719.33242532337,-6092.328041708676,37225.080847484416
221,-542.3227610227506,-36678.62089737252,-6499.7790376603225,37254.0262582275
222,-553.7772932455472,-36637.133943217115,-6900.368484317813,37285.40382084004
223,-564.2660001049,-36594.93393928487,-7293.673495884725,37318.96648092052
224,-573.7778091045394,-36552.08401474077,-7679.278876443031,37354.45610442043
225,-582.3026790190717,-36508.64798484428,-8056.7775582583545,37391.604922957275
226,-589.8316104940868,-36464.69028358217,-8425.771031504624,37430.137005916135
227,-596.3566555464078,-36420.27589564817,-8785.869764954521,37469.7697497928
228,-601.8709259544481,-36375.470287841374,-9136.693617191542,37510.21537564892
229,-606.368600529825,-36330.339339955586,-9477.872237909669,37551.18242604581
230,-609.8449312625477,-36284.94927523276,-9809.045458876919,37592.37725338362
231,-612.2962483332964,-36239.3665904538,-10129.863674150178,37633.5054921793
232,-613.7199639875003,-36193.65798574071,-10439.988209139769,37674.27350845596
233,-614.1145752671222,-36147.89029414398,-10739.091678134291,37714.389820072625
234,-613.4796655972709,-36102.13041108969,-11026.85832990826,37753.56648248342
235,-611.8159052259613,-36056.44522376075,-11302.984381047665,37791.52043506789
236,-609.1250505165613,-36010.901540486884,-11567.17833664163,37827.97480380729
237,-605.4099420936711,-35965.566020217804,-11819.161298001603,37862.66015668749
238,-600.6745018443936,-35920.505102154086,-12058.667257083205,37895.31570877982
239,-594.9237287781583,-35875.78493561009,-12285.4433773,37925.6904744799
240,-588.1636937494733,-35831.47131018279,-12499.250260432671,37953.54436486826
241,-580.4015330491743,-35787.62958630043,-12699.862199351857,37978.649228590766
242,-571.6454408709355,-35744.32462622421,-12887.067416287897,38000.78983504049
243,-561.9046606609971,-35701.62072557589,-13060.668286395896,38019.76479895438
244,-551.1894753602378,-35659.5815454635,-13220.48154638017,38035.38744581798
245,-539.5111965488995,-35618.27004527696,-13366.338487957722,38047.48661770098
246,-526.8821525054162,-35577.74841622441,-13498.08513595667,38055.907419326126
247,-513.3156751919579,-35538.078015679566,-13615.582410861483,38060.51190430688
248,-498.8260861804265,-35499.31930240922,-13718.706275633522,38061.17970157736
249,-483.4286815337617,-35461.53177274941,-13807.347866651815,38057.808582084435
250,-467.1397156585166,-35424.77389779761,-13881.41360863592,38050.314965819285
251,-449.9763841457503,-35389.10306168718,-13940.825313429486,38038.634369237836
252,-431.9568056183487,-35354.57550100929,-13985.52026254028,38022.72179305962
253,-413.10000260394065,-35321.24624544629,-14015.451273349516,38002.552050345774
254,-393.4258814535986,-35289.16905967912,-14030.586748920605,37978.12003464361
255,-372.95521132752157,-35258.39638663017,-14030.910711354742,37949.44092785032
256,-351.7096022698882,-35228.9792921014,-14016.422818658128,37916.55034729608
257,-329.71148239602036,-35200.967410866324,-13987.138365102945,37879.50443138125
258,-306.9840742159486,-35174.40889427258,-13943.088265081906,37838.379862927126
259,-283.55137011936057,-35149.35035941057,-13884.319020473142,37793.27382921946
260,-259.4381070478241,-35125.8368399017,-13810.892671550106,37744.30391754312
261,-234.66974038101426,-35103.91173835821,-13722.8867314882,37691.607944829695
262,-209.27241706451622,-35083.616780564895,-13620.394104537309,37635.343719873126
263,-183.27294800757346,-35064.991971430834,-13503.522987946604,37575.6887364155
264,-156.69877977991155,-35048.075552757895,-13372.396757745168,37512.839795274944
265,-129.57796563752356,-35032.90396287042,-13227.153838498984,37447.01255358295
266,-101.9391359080035,-35019.51179814881,-13067.947557181828,37378.440999129
267,-73.81146776668665,-35007.931776507525,-12894.945981314278,37307.37684778163
268,-45.22465443550499,-34998.19470285613,-12708.331741541759,37234.08886197531
269,-16.208873837079345,-34990.32943657983,-12508.301838838906,37158.8620883293
270,13.205243262880211,-34984.362861073816,-12295.067436543675,37081.997012605556
271,42.986645591205345,-34980.31985536352,-12068.853637440961,37003.80863042628
272,73.10389414682619,-34978.223267840935,-11829.899246130817,36924.62543246545
273,103.52519538962757,-34978.09389214442,-11578.45651693228,36844.7883032084
274,134.21843480358297,-34979.95044520775,-11314.79088758887,36764.649332848196
275,165.15121079873185,-34983.809547501456,-11039.180699056822,36684.57054245982
276,196.29086891619409,-34989.6857054872,-10751.916901672124,36604.92252326807
277,227.60453630014692,-34997.591296303974,-10453.302748006088,36526.08299160407
278,259.05915640034937,-35007.53655470202,-10143.653472734124,36448.4352620277
279,290.6215238685711,-35019.529562238444,-9823.295959855526,36372.36664207516
280,322.25831961212333,-35033.576238745816,-9492.568397615392,36298.26675316579
281,353.9361459674463,-35049.6803360829,-9151.819921493281,36226.52578336018
282,385.6215619566546,-35067.84343417395,-8801.410245635192,36157.53267888664
283,417.2811185897971,-35088.06493934081,-8441.709283118185,36091.67328262868
284,448.8813941755796,-35110.34208492969,-8073.096755448369,36029.328429068075
285,480.3890296032706,-35134.66993423178,-7695.961791704513,35970.87200647976
286,511.77076355854604,-35161.04138569474,-7310.702517750443,35916.668998447145
287,542.9934676360807,-35189.44718041952,-6917.725635950057,35867.07351797344
288,574.0241813118503,-35219.875911934585,-6517.445995828291,35822.42684857266
289,604.830146738199,-35252.31403823725,-6110.286156131541,35783.05550769407
290,635.3788433249484,-35286.745896089466,-5696.675938749843,35749.26934862953
291,665.6380220700521,-35323.15371755279,-5277.051974971502,35721.35971763728
292,695.5757396035312,-35361.517648745306,-4851.85724454953,35699.597683356864
293,725.1603919087847,-35401.81577080054,-4421.54060806603,35684.23235565635
294,754.3607476856478,-35444.024123006304,-3986.556333088572,35675.48931082502
295,783.1459813199864,-35488.116728099056,-3547.3636146186527,35673.569139484236
296,811.4857054250309,-35534.06561968698,-3104.4260903384297,35678.646132731876
297,839.3500029200935,-35581.84087177301,-2658.2113511674374,35690.867120862364
298,866.7094586127965,-35631.41063034645,-2209.190447646134,35710.35047752942
299,893.5351902514805,-35682.74114700991,-1757.8373926672243,35737.18530046527
300,919.7988790150074,-35735.796814606154,-1304.6286610797918,35771.43077787026
301,945.4727994077813,-35790.54020480709,-850.0426866942861,35813.11574738416
302,970.5298485284029,-35846.9321076253,-394.5593572198268,35862.23845219303
303,994.9435746811013,-35904.931572806454,61.34049233376297,35918.766496369455
304,1018.6882052996896,-35964.495953058744,517.1755872534935,35982.63699904784
305,1041.7386741546038,-36025.58094907393,972.4647211851399,36053.75694456068
306,1064.0706478142936,-36088.140656292264,1426.727264123048,36132.00372326543
307,1085.6605513330264,-36152.127613362085,1879.4836697914784,36217.225855531105
308,1106.4855931379816,-36217.49285224276,2330.2559818817977,36309.243889279394
309,1126.5237890893804,-36284.185949898274,2778.5683386113274,36407.85145963042
310,1145.7539856882331,-36352.155081526726,3223.9474750710037,36512.81649762322
311,1164.1558824072276,-36421.34707526967,3665.923222831838,36623.88257369084
312,1181.7100531211497,-36491.707468343426,4104.029006282139,36740.770360584494
313,1198.3979666142493,-36563.18056453322,4537.802335172346,36863.17919976709
314,1214.2020061428825,-36635.70949298939,4966.785292846927,36990.78875492755
315,1229.1054880327827,-36709.23626826357,5390.525019648139,37123.26073619291
316,1243.0926792913278,-36783.70185152159,5808.574190981322,37260.240678813054
317,1256.1488142162148,-36859.046212868314,6220.491489537096,37401.35976053841
318,1268.2601099830035,-36935.20839471872,6625.8420711718945,37546.236642571595
319,1279.4137811950768,-37012.12657614834,7024.1980239549775,37694.47931981646
320,1289.5980533806573,-37089.73813815506,7415.138819897478,37845.68696713732
321,1298.8021754226354,-37167.97972976341,7798.251758886556,37999.451769439554
322,1307.016430908078,-37246.7873349016,8173.132404355831,38155.3607245585
323,1314.2321483854487,-37326.09633998065,8539.38501023253,38312.99740916065
324,1320.4417105186992,-37405.84160210427,8896.622938710194,38471.94369909294
325,1325.6385621285801,-37485.957517837596,9244.469068406415,38631.781436833204
326,1329.8172171126741,-37566.378092461964,9582.55619247435,38792.09403987705
327,1332.9732642368463,-37647.03700964287,9910.527406247842,38952.46804502353
328,1335.103371792005,-37727.867701437375,10228.036484011016,39112.4945845799
329,1336.2052911112478,-37808.80341856715,10534.748244494513,39271.770791482384
330,1336.2778589436884,-37889.777300882946,10830.33890471256,39429.90113121941
331,1335.3209986824522,-37970.7224479461,11114.496421767362,39586.49865923936
332,1333.3357204455463,-38051.57198965255,11386.92082225993,39741.18620322679
333,1330.3241200095204,-38132.25915682489,11647.324518959656,39893.59747023943
334,1326.2893765970416,-38212.71735169784,11895.43261439836,40043.37807921449
335,1321.2357495207193,-38292.880218222745,12130.983191068191,40190.186519782976
336,1315.1685736867248,-38372.68171211692,12353.727587917172,40333.695038678416
337,1308.0942539629493,-38452.05617058393,12563.430662850462,40473.590455298676
338,1300.0202584176495,-38530.938381631044,12759.871040960166,40609.57490818241
339,1290.9551104357156,-38609.263652910886,12942.841348221717,40741.3665343025
340,1280.908379720883,-38686.96788001449,13112.14843041013,40868.70008316412
341,1269.8906721933902,-38763.987614143654,13267.613557004948,40991.327467731855
342,1257.9136187937465,-38840.26012909125,13409.07260986869,41109.018254204915
343,1244.9898632044255,-38915.7234874587,13536.376256499643,41221.56009261845
344,1231.1330485024503,-38990.31660604074,13649.390107676008,41328.75909017756
345,1216.357802756957,-39063.979320308434,13747.994859325107,41430.44012913503
346,1200.679723586947,-39136.65244792239,13832.086418467743,41526.447130907574
347,1184.115361695518,-39208.277851209146,13901.576013104917,41616.643267995016
348,1166.6822033979724,-39278.798498534685,13956.390285930745,41700.91112512338
349,1148.3986521622314,-39348.15852451042,13996.471371772757,41779.15281088338
350,1129.2840091810504,-39416.303288967974,14021.77695867778,41851.29002098032
351,1109.358452996546,-39483.17943464053,14032.280332578925,41917.26405405459
352,1088.6430181985365,-39548.73494348993,14027.970405496537,41977.03578087644
353,1067.159573219195,-39612.919191619985,14008.851727243307,42030.585567565155
354,1044.9307972474405,-39675.68300271801,13974.944480621205,42077.91315333554
355,1021.9801562874534,-39736.97869996828,13926.284460115367,42119.03748313378
356,998.331878386585,-39796.7601563824,13862.923034107314,42153.996495393076
357,974.0109280587952,-39854.98284349378,13784.927090647445,42182.84686501881
358,949.0429799306521,-39911.60387836441,13692.3789668441,42205.66370160412
359,923.4543916376791,-39966.58206885465,13585.376361943656,42222.540202782526
360,897.272175999683,-40019.8779571081,13464.032234193433,42233.58726254555
361,870.5239725044369,-40071.4538612056,13328.474681596355,42238.93303429182
362,843.238018129807,-40121.27391494449,13178.846806683137,42238.72244833225
363,815.4431175351326,-40169.30410570109,13015.306565444816,42233.11668355464
364,787.1686126533408,-40215.51231033644,12838.026600585144,42222.2925929526
365,758.4443517158699,-40259.86832910733,12647.194059268775,42206.442082749796
366,729.3006577431206,-40302.34391754699,12443.010395557696,42185.77144490282
367,699.7682965336908,-40342.91281628156,12225.691157744463,42160.50064284673
368,669.8784441861909,-40381.550778751065,11995.465760806766,42130.86255045728
369,639.6626541879131,-40418.23559680548,11752.577244223432,42097.1021443457
370,609.1528241051193,-40452.947124149,11497.282015407685,42059.47564977632
371,578.3811619100884,-40485.66729760761,11229.849579028354,42018.24964070529
372,547.3801519804878,-40516.38015619766,10950.562252504917,41973.70009468185
373,516.1825208069528,-40545.071857975214,10659.714867976609,41926.11140363153
374,484.82120244507297,-40571.73069464843,10357.614461060231,41875.775341853456
375,453.32930374827106,-40596.347103937514,10044.579946725347,41822.98999291143
376,421.7400694182539,-40618.91367966921,9720.9417826288,41768.05863747835
377,390.0868469099538,-40639.42517959522,9387.041620264225,41711.28860460467
378,358.40305122798793,-40657.87853092622,9043.23194429457,41652.99008932
379,326.7221296518156,-40674.272833575655,8689.875700448576,41593.47493993981
380,295.0775264268243,-40688.609361109964,8327.345912373934,41533.05541893034
381,263.5026474586025,-40700.89155940412,7956.025287851404,41472.04294167966
382,232.03082504772178,-40711.12504300389,7576.305814786221,41410.74679802375
383,200.69528270217842,-40719.31758919892,7188.58834740237,41349.47286187519
384,169.52910006471583,-40725.47912981246,6793.28218307741,41288.52229479128
385,138.56517799199844,-40729.62174071678,6390.804630263978,41228.19024978691
386,107.83620382253564,-40731.7596290852,5981.580567954479,41168.764582136304
387,77.37461687000365,-40731.90911839411,5566.041997153826,41110.524574304975
388,47.21257417839479,-40730.088631191,5144.627584833721,41053.7396824999
389,17.38191657514921,-40726.31866964647,4717.782200849984,40998.668312608344
390,-12.0858649418956,-40720.621793911014,4285.95644831177,40945.55663350661
391,-41.15966244825453,-40713.02259829914,3849.6061878983996,40894.63743584647
392,-69.80878393215437,-40703.54768532616,3409.192056625969,40846.12904446266
393,-98.00298569482086,-40692.225637625044,2965.178981571894,40800.23429248109
394,-125.71250427751583,-40679.08698777289,2518.035689070405,40757.13956503765
395,-152.90808788158918,-40664.16418605894,2068.2342098975296,40717.01392024086
396,-179.56102724840557,-40647.491566228135,1616.249380967531,40680.008294622705
397,-205.64318596651802,-40629.10530923644,1162.5583440672697,40646.25479982528
398,-231.12703017413023,-40609.04340505602,707.6400421570775,40615.866116667574
399,-255.9856576254544,-40587.345612570876,251.9747137704993,40588.934992034054
400,-280.19282609030654,-40564.05341760495,-203.95661395378457,40565.53384323292
401,-303.72298105695467,-40539.209989127274,-659.6726330726292,40545.714473598855
402,-326.55128270895443,-40512.86013368031,-1114.6922629351957,40529.507902174555
403,-348.65363214753256,-40485.05024807945,-1568.535158040236,40516.924309314694
404,-370.00669683179694,-40455.82827043388,-2020.7222151169253,40507.95309902988
405,-390.58793520993885,-40425.24362954022,-2470.7760788944934,40502.56307784547
406,-410.3756205154267,-40393.347192702655,-2918.2216460266063,40500.70274890882
407,-429.3488637030546,-40360.19121203434,-3362.5865666383575,40502.300719056366
408,-447.4876355006507,-40325.82926929704,-3803.401742966615,40507.26621556707
409,-464.7727875531566,-40290.31621933705,-4240.201824567273,40515.4897083978
410,-481.18607263675295,-40253.70813217721,-4672.525699566453,40526.84363283327
411,-496.71016392170793,-40216.06223382609,-5099.916981437449,40541.18320670316
412,-511.32867326359695,-40177.43684586678,-5521.924490789171,40558.34733563107
413,-525.0261685035925,-40137.8913238893,-5938.10273165767,40578.15959919427
414,-537.7881897595587,-40097.48599483127,-6348.012361797888,40600.42931039367
415,-549.6012646907532,-40056.282093293274,-6751.220656479154,40624.95264046603
416,-560.4529227200247,-40014.341696896,-7147.301965294934,40651.51380081244
417,-570.3317081984886,-39971.727660747456,-7535.838161504477,40679.886273670025
418,-579.2271924987805,-39928.50355108944,-7916.419083431862,40709.83408311088
419,-587.1299850241323,-39884.73357819321,-8288.642967456959,40741.11309800876
420,-594.0317431216394,-39840.482528575434,-8652.116872140721,40773.47235876217
421,-599.9251808892532,-39795.815696605634,-9006.457093037243,40806.65541979138
422,-604.8040768672101,-39750.79881557769,-9351.289567754766,40840.40170012934
423,-608.6632806057705,-39705.49798831786,-9686.250270838002,40874.447834787694
424,-611.498718102336,-39659.979617402736,-10010.985598054805,40908.529019991685
425,-613.3073961022067,-39614.310335060814,-10325.152739681582,40942.38034582715
426,-614.0874052584368,-39568.55693283157,-10628.420042393465,40975.73811032062
427,-613.8379221474539,-39522.786291056385,-10920.467359377031,41008.34110946699
428,-612.5592101383131,-39477.065308275734,-11200.986388296118,41039.93189822064
429,-610.2526191146695,-39431.4608306071,-11469.68099675396,41070.258017964006
430,-606.9205840497613,-39386.03958117835,-11726.26753490795,41099.07318645674
431,-602.5666224359082,-39340.86808969081,-11970.475134907145,41126.13844673916
432,-597.1953305712408,-39296.01262218663,-12202.045996836212,41151.22327191275
433,-590.812378707577,-39251.539111094455,-12420.73566086428,41174.10662313971
434,-583.4245050645699,-39207.51308562725,-12626.313265311115,41194.577958591995
435,-575.0395087164477,-39163.99960260583,-12818.561790358275,41212.43819143351
436,-565.6662413588516,-39121.06317778102,-12997.278287147994,41227.500595235164
437,-555.3145979644638,-39078.76771772707,-13162.274092027985,41239.59165550079
438,-543.9955063372937,-39037.17645237807,-13313.375025715846,41248.55186622157
439,-531.7209155766436,-38996.351868278776,-13450.421577172989,41254.2364705778
440,-518.5037834629368,-38956.355642620045,-13573.269071993876,41256.51614507102
441,-504.3580627787215,-38917.248578128834,-13681.787825132833,41255.27762649664
442,-489.2986865792936,-38879.09053888125,-13775.863277807211,41250.424281261054
443,-473.34155242848226,-38841.94038710648,-13855.3961184324,41241.876616607304
444,-456.50350561624873,-38805.85592104838,-13920.302387460955,41229.57273334465
445,-438.80232137580464,-38770.893813950264,-13970.513566015261,41213.46871968032
446,-420.2566861190312,-38737.10955422725,-14005.976648220072,41193.53898573074
447,-400.8861777099995,-38704.55738688944,-14026.654197158652,41169.77653824667
448,-380.7112447974312,-38673.290256277716,-14032.524384393366,41142.19319502565
449,-359.75318522789837,-38643.35975017256,-14023.581013009089,41110.819738409096
450,-338.03412356255967,-38614.81604533494,-13999.833524155014,41075.70600717417
451,-315.576987721175,-38587.70785453681,-13961.306987078005,41036.92092603555
452,-292.40548477804623,-38562.08237513701,-13908.042072658081,40994.55247187372
453,-268.54407593542805,-38537.98523925697,-13840.095010473784,40948.70757570804
454,-244.01795070085197,-38515.46046560871,-13757.537529442961,40899.5119593396
455,-218.85300029558988,-38494.550413026205,-13660.456782101475,40847.109905505145
456,-193.07579032236166,-38475.29573574878,-13548.955252599866,40791.6639603129
457,-166.71353272112484,-38457.735340504194,-13423.150648515062,40733.354566681446
458,-139.7940570425415,-38441.90634543636,-13283.175776591306,40672.37962747578
459,-112.34578106947386,-38427.84404092127,-13129.17840254157,40608.95399703933
460,-84.3976808174994,-38415.5818523124,-12961.321095057372,40543.30889985943
461,-55.97925994611533,-38405.151304654915,-12779.781054191646,40475.691275184625
462,-27.120518612952885,-38396.581989406,-12584.749924296033,40406.36304653979
463,2.1480781961703923,-38389.901533196346,-12376.433591709709,40335.600315264324
464,31.79563282786833,-38385.13556866592,-12155.051967413743,40263.6924774375
465,61.79084757857915,-38382.30770740455,-11920.838754880042,40190.941263854234
466,92.10205773425245,-38381.43951502621,-11674.041203360308,40117.65970308349
467,122.69726499749358,-38382.55048840306,-11414.9198468751,40044.171008078454
468,153.54417126684888,-38385.65803508342,-11143.748229178793,39970.80738731981
469,184.61021273257396,-38390.77745491528,-10860.812614990757,39897.90878205797
470,215.86259425292025,-38397.92192389498,-10566.411687797372,39825.821531879956
471,247.26832397460623,-38407.10248025775,-10260.85623454426,39754.8969715562
472,278.79424816096605,-38418.32801282518,-9944.468817551207,39685.48996292075
473,310.40708619098245,-38431.605251621586,-9617.583433996459,39617.95736639521
474,342.0734656922689,-38446.93876076948,-9280.545163329618,39552.65645767538
475,373.75995777091185,-38464.33093367133,-8933.709802985448,39489.94329604661
476,405.43311230097794,-38483.78199048301,-8577.443492783179,39430.17105176521
477,437.0594932364327,-38505.289977881344,-8212.122328407791,39373.6883009211
478,468.60571390820235,-38528.85077112619,-7838.131964381232,39320.83729716184
479,500.03847226910665,-38554.458078414726,-7455.8672069428085,39271.95223058758
480,531.3245860494538,-38582.103447523456,-7065.7315972685565,39227.357484997396
481,562.4310277862066,-38611.77627473087,-6668.136985469314,39187.36590545313
482,593.3249596887098,-38643.46381601138,-6263.503095817582,39152.27708880401
483,623.9737683041973,-38677.15120048864,-5852.2570836618315,39122.37571035611
484,654.345098946472,-38712.821446134134,-5434.8330844962065,39097.9299002532
485,684.4068898514118,-38750.45547769439,-5011.671755661594,39079.189683335906
486,714.1274060232636,-38790.032146827936,-4583.219811161691,39066.38549624733
487,743.4752727359669,-38831.528254430756,-4149.9295500854805,39059.726795338654
488,772.4195086541632,-38874.91857512661,-3712.2583791336856,39059.400768490064
489,800.9295585389145,-38920.17588389646,-3270.668329753336,39065.57116329452
490,828.9753255036148,-38967.27098481874,-2825.6255703901666,39078.377243158815
491,856.5272027860314,-39016.17274189034,-2377.599914373812,39097.9328817646
492,883.5561050029519,-39066.84811189559,-1927.064323955109,39124.32580501891
493,910.0334988544199,-39119.262179288635,-1474.4944110194144,39157.616988129994
494,935.9314332451685,-39173.3781930523,-1020.3679350026624,39197.84021379779
495,961.2225687914447,-39229.15760549467,-565.1642985403208,39245.00179574259
496,985.8802066820641,-39286.56011294229,-109.36404138190622,39299.08046994615
497,1009.8783168632503,-39345.543698287074,346.5516668951197,39360.02745408742
498,1033.1915655174998,-39406.06467534207,802.1015348364159,39427.766673760336
499,1055.7953418074417,-39468.077734959166,1256.8046571901946,39502.19515220511
500,1077.6657838564847,-39531.53599286004,1710.1810225790553,39583.18355850718
501,1098.779803938827,-39596.39103913004,2161.752020228434,39670.57690755458
